-- =============================================
-- EasyWMS 初始化数据脚本
-- 版本: V1.0
-- 说明: 提供测试用的基础数据
-- =============================================

USE easywms;

-- =============================================
-- 1. 初始化部门数据
-- =============================================
INSERT INTO `base_department` (`id`, `name`, `parent_id`) VALUES
(1, '总经办', 0),
(2, '研发部', 0),
(3, '采购部', 0),
(4, '仓储部', 0),
(5, '行政部', 0),
(6, '前端组', 2),
(7, '后端组', 2);

-- =============================================
-- 2. 初始化系统用户数据
-- 密码统一为: 123456 (BCrypt加密后)
-- =============================================
INSERT INTO `sys_user` (`id`, `username`, `password`, `real_name`, `dept_id`, `role_code`, `status`) VALUES
(1, 'admin', '$2a$10$N.zmdr9k7uOCQb376NoUnuTJ8iAt6Z5EHsM8lE9lBOsl7iKTVKIUi', '系统管理员', 1, 'ADMIN', 1),
(2, 'buyer01', '$2a$10$N.zmdr9k7uOCQb376NoUnuTJ8iAt6Z5EHsM8lE9lBOsl7iKTVKIUi', '张采购', 3, 'BUYER', 1),
(3, 'warehouse01', '$2a$10$N.zmdr9k7uOCQb376NoUnuTJ8iAt6Z5EHsM8lE9lBOsl7iKTVKIUi', '李仓管', 4, 'W_MGR', 1),
(4, 'staff01', '$2a$10$N.zmdr9k7uOCQb376NoUnuTJ8iAt6Z5EHsM8lE9lBOsl7iKTVKIUi', '王员工', 2, 'STAFF', 1),
(5, 'staff02', '$2a$10$N.zmdr9k7uOCQb376NoUnuTJ8iAt6Z5EHsM8lE9lBOsl7iKTVKIUi', '赵员工', 5, 'STAFF', 1);

-- =============================================
-- 3. 初始化供应商数据
-- =============================================
INSERT INTO `base_supplier` (`id`, `name`, `contact`, `phone`, `address`, `status`) VALUES
(1, '晨光文具有限公司', '张经理', '13800138001', '上海市浦东新区', 1),
(2, '得力办公用品有限公司', '李经理', '13800138002', '浙江省宁波市', 1),
(3, '联想电子科技有限公司', '王经理', '13800138003', '北京市海淀区', 1),
(4, '华为技术有限公司', '赵经理', '13800138004', '广东省深圳市', 1),
(5, '3M中国有限公司', '刘经理', '13800138005', '上海市闵行区', 1);

-- =============================================
-- 4. 初始化物资分类数据
-- =============================================
INSERT INTO `base_category` (`id`, `name`, `parent_id`) VALUES
(1, '办公用品', 0),
(2, '电子设备', 0),
(3, '劳保用品', 0),
(4, '文具类', 1),
(5, '纸张类', 1),
(6, '计算机类', 2),
(7, '网络设备', 2),
(8, '防护用品', 3);

-- =============================================
-- 5. 初始化物资档案数据
-- =============================================
INSERT INTO `base_product` (`id`, `category_id`, `sku_code`, `name`, `specification`, `unit`, `stock_qty`, `alert_threshold`, `status`) VALUES
(1, 4, 'SKU001', '中性笔', '0.5mm 黑色', '支', 500.0000, 100.0000, 1),
(2, 4, 'SKU002', '铅笔', 'HB 2B', '支', 300.0000, 50.0000, 1),
(3, 5, 'SKU003', 'A4打印纸', '70g 500张/包', '包', 200.0000, 50.0000, 1),
(4, 5, 'SKU004', 'A3打印纸', '80g 500张/包', '包', 100.0000, 20.0000, 1),
(5, 6, 'SKU005', '联想笔记本电脑', 'ThinkPad E14', '台', 10.0000, 2.0000, 1),
(6, 6, 'SKU006', '戴尔台式机', 'OptiPlex 7080', '台', 15.0000, 3.0000, 1),
(7, 7, 'SKU007', '路由器', 'TP-LINK 千兆', '台', 20.0000, 5.0000, 1),
(8, 7, 'SKU008', '交换机', '华为24口千兆', '台', 8.0000, 2.0000, 1),
(9, 8, 'SKU009', '防护口罩', 'N95标准', '个', 1000.0000, 200.0000, 1),
(10, 8, 'SKU010', '防护手套', '乳胶材质', '双', 500.0000, 100.0000, 1);

-- =============================================
-- 6. 初始化库存流水数据（期初库存）
-- =============================================
INSERT INTO `biz_stock_log` (`product_id`, `type`, `change_qty`, `snapshot_qty`, `related_no`, `operator_id`) VALUES
(1, 'ADJUST', 500.0000, 500.0000, 'INIT-001', 1),
(2, 'ADJUST', 300.0000, 300.0000, 'INIT-002', 1),
(3, 'ADJUST', 200.0000, 200.0000, 'INIT-003', 1),
(4, 'ADJUST', 100.0000, 100.0000, 'INIT-004', 1),
(5, 'ADJUST', 10.0000, 10.0000, 'INIT-005', 1),
(6, 'ADJUST', 15.0000, 15.0000, 'INIT-006', 1),
(7, 'ADJUST', 20.0000, 20.0000, 'INIT-007', 1),
(8, 'ADJUST', 8.0000, 8.0000, 'INIT-008', 1),
(9, 'ADJUST', 1000.0000, 1000.0000, 'INIT-009', 1),
(10, 'ADJUST', 500.0000, 500.0000, 'INIT-010', 1);

-- =============================================
-- 初始化数据完成
-- =============================================
